{
  "project_info": {
    "project_number": "335817377812",
    "firebase_url": "https://prototype-1-a3ddc.firebaseio.com",
    "project_id": "prototype-1-a3ddc",
    "storage_bucket": "prototype-1-a3ddc.appspot.com"
  },
  "client": [
    {
      "client_info": {
        "mobilesdk_app_id": "1:335817377812:android:ed795967d4f5cbad",
        "android_client_info": {
          "package_name": "com.example.a1742177.prototype1"
        }
      },
      "oauth_client": [
        {
          "client_id": "335817377812-h3kqmfe7mjr25i4bdo9vf0a63g2t0oak.apps.googleusercontent.com",
          "client_type": 1,
          "android_info": {
            "package_name": "com.example.a1742177.prototype1",
            "certificate_hash": "07ffe51560d6f8a9138851092209fcd9caf48c21"
          }
        },
        {
          "client_id": "335817377812-5soavojka0vgmo06au97cf0n8la7atn9.apps.googleusercontent.com",
          "client_type": 3
        }
      ],
      "api_key": [
        {
          "current_key": "AIzaSyBMyHKVH7vkJauVvx8nn4JGo7DqKhOUgyU"
        }
      ],
      "services": {
        "analytics_service": {
          "status": 1
        },
        "appinvite_service": {
          "status": 2,
          "other_platform_oauth_client": [
            {
              "client_id": "335817377812-5soavojka0vgmo06au97cf0n8la7atn9.apps.googleusercontent.com",
              "client_type": 3
            }
          ]
        },
        "ads_service": {
          "status": 2
        }
      }
    }
  ],
  "configuration_version": "1"
}